timestamp,timestamp,open,high,low,close,volume
6:30:00 PM,1/5/2025,2335.95,2340,2256.7,2267.15,1191044
6:30:00 PM,1/6/2025,2272,2316,2272,2292.6,740798
6:30:00 PM,1/7/2025,2287.05,2338,2272.7,2334.35,1439655
6:30:00 PM,1/8/2025,2341.9,2361.4,2321.3,2350.2,1362314
6:30:00 PM,1/9/2025,2335.6,2348.9,2316,2320.75,1214382
6:30:00 PM,1/12/2025,2291.75,2301.9,2246.4,2252.65,1181928
6:30:00 PM,1/13/2025,2269,2286.35,2237,2239.95,1317678
6:30:00 PM,1/14/2025,2249,2253.75,2220,2229.7,1308999
6:30:00 PM,1/15/2025,2239,2239.85,2207.8,2215.6,1936132
6:30:00 PM,1/16/2025,2225.65,2269.05,2212.5,2261,878871
6:30:00 PM,1/19/2025,2272.25,2286.9,2251,2280.55,555730
6:30:00 PM,1/20/2025,2280.55,2315,2255,2260.35,1410331
6:30:00 PM,1/21/2025,2270,2270,2244.9,2262.1,835523
6:30:00 PM,1/22/2025,2262.1,2301.8,2246.2,2276.35,1142498
6:30:00 PM,1/23/2025,2283,2296.55,2255.05,2262.4,543217
6:30:00 PM,1/26/2025,2255.3,2277.75,2246.2,2251.5,1097947
6:30:00 PM,1/27/2025,2260,2267.05,2234.1,2241.8,897503
6:30:00 PM,1/28/2025,2241.8,2246.8,2212.05,2223.15,1281122
6:30:00 PM,1/29/2025,2223.15,2259.25,2215,2249.85,1155749
6:30:00 PM,1/30/2025,2255,2305,2234.85,2300.8,1292925
6:30:00 PM,1/31/2025,2312,2389,2285.3,2351.15,1318652
6:30:00 PM,2/2/2025,2351.15,2364.45,2277.7,2292.25,1070392
6:30:00 PM,2/3/2025,2304.65,2418.6,2263.75,2354.35,5373740
6:30:00 PM,2/4/2025,2269,2295.55,2237.25,2275.2,3474657
6:30:00 PM,2/5/2025,2287.2,2298.9,2260.25,2263.4,1285982
6:30:00 PM,2/6/2025,2266,2276.3,2243.2,2271,1336756
6:30:00 PM,2/9/2025,2271.05,2278,2254,2270.15,1181565
6:30:00 PM,2/10/2025,2279,2282.9,2226,2240.85,1607952
6:30:00 PM,2/11/2025,2241.85,2247.95,2185.7,2228.25,1181718
6:30:00 PM,2/12/2025,2228.25,2249.95,2220,2236.4,921923
6:30:00 PM,2/13/2025,2236.4,2250.55,2203,2231.3,1380052
6:30:00 PM,2/16/2025,2231.3,2260,2226.05,2250.85,923979
6:30:00 PM,2/17/2025,2248,2251.95,2218.75,2237.6,735853
6:30:00 PM,2/18/2025,2237.6,2249.8,2226.1,2239.1,645236
6:30:00 PM,2/19/2025,2239.1,2257.1,2231.05,2249.05,637444
6:30:00 PM,2/20/2025,2249.05,2265.8,2237,2257.6,755633
6:30:00 PM,2/23/2025,2245.9,2259,2241,2246.2,765060
6:30:00 PM,2/24/2025,2246.2,2257.1,2217.7,2224.75,947724
6:30:00 PM,2/26/2025,2214,2228.4,2198,2213.65,1027196
6:30:00 PM,2/27/2025,2210,2211.35,2175.8,2179.75,1701193
6:30:00 PM,3/2/2025,2179.75,2193.35,2129,2166.4,959075
6:30:00 PM,3/3/2025,2154.05,2159.85,2124.75,2132.1,2181015
6:30:00 PM,3/4/2025,2132,2182.8,2124.75,2164.15,1535212
6:30:00 PM,3/5/2025,2189.85,2275,2183.1,2267.7,1985096
6:30:00 PM,3/6/2025,2267.7,2277.95,2248,2270,921429
6:30:00 PM,3/9/2025,2270,2293,2261.85,2278.6,1072395
6:30:00 PM,3/10/2025,2274,2290.9,2257.9,2287.4,601228
6:30:00 PM,3/11/2025,2287.4,2295.95,2247,2251.3,749232
6:30:00 PM,3/12/2025,2255.25,2257.2,2222.5,2231.3,747500
6:30:00 PM,3/16/2025,2205,2239.25,2196.05,2219.55,838016
6:30:00 PM,3/17/2025,2230.65,2290,2222.75,2273.95,816364
6:30:00 PM,3/18/2025,2274,2287.95,2267.85,2280.7,663342
6:30:00 PM,3/19/2025,2290,2307,2268.75,2287.2,1166849
6:30:00 PM,3/20/2025,2291.65,2314.5,2277.85,2300.4,1624115
6:30:00 PM,3/23/2025,2302.4,2330.25,2302.1,2322.5,1100353
6:30:00 PM,3/24/2025,2325,2344.5,2308,2330.75,1828005
6:30:00 PM,3/25/2025,2340,2340.95,2304,2323.15,1934492
6:30:00 PM,3/26/2025,2315,2350.1,2290.5,2338.1,1497869
6:30:00 PM,3/27/2025,2343.95,2364,2325,2340.65,1281871
6:30:00 PM,3/31/2025,2342,2361.7,2305.75,2316,970583
6:30:00 PM,4/1/2025,2328,2328.4,2292.15,2306.65,792695
6:30:00 PM,4/2/2025,2295,2354.9,2289.8,2349.4,608846
6:30:00 PM,4/3/2025,2349.4,2363.95,2302.8,2356.05,1163188
6:30:00 PM,4/6/2025,2190,2354,2190,2341.35,1745827
6:30:00 PM,4/7/2025,2356,2420,2356,2394.2,1876867
6:30:00 PM,4/8/2025,2400,2429.45,2390.9,2411.15,1186947
6:30:00 PM,4/10/2025,2439.5,2448,2380.25,2393.6,968152
6:30:00 PM,4/14/2025,2414.9,2425,2385,2415.7,1141279
6:30:00 PM,4/15/2025,2405.1,2468.5,2403.7,2459.9,1166700
6:30:00 PM,4/16/2025,2459.9,2476.4,2431,2467.9,885842
6:30:00 PM,4/20/2025,2465.9,2470.9,2441,2445,541913
6:30:00 PM,4/21/2025,2445,2450,2413.5,2432,543658
6:30:00 PM,4/22/2025,2437,2456.6,2425.6,2453.1,744696
6:30:00 PM,4/23/2025,2450,2491,2435.9,2464.4,1203452
6:30:00 PM,4/24/2025,2464.3,2468.7,2413.7,2431.6,702217
6:30:00 PM,4/27/2025,2419.9,2459.8,2405,2452.2,554922
6:30:00 PM,4/28/2025,2460,2472,2441.6,2451.1,1235066
6:30:00 PM,4/29/2025,2450,2462.2,2401.5,2425.7,1479678
6:30:00 PM,5/1/2025,2425,2444.9,2398,2409.8,928084
6:30:00 PM,5/4/2025,2423.1,2475,2423.1,2436.9,1229593
6:30:00 PM,5/5/2025,2442,2449.9,2391.1,2418,702819
6:30:00 PM,5/6/2025,2388,2405.7,2318.5,2334.1,1711760
6:30:00 PM,5/7/2025,2322,2349.1,2293.5,2302.6,2292261
6:30:00 PM,5/8/2025,2246.6,2331.8,2245,2299.6,1503010
6:30:00 PM,5/11/2025,2330,2378.5,2321,2356.4,940135
6:30:00 PM,5/12/2025,2354,2358,2315.1,2324.6,1220489
6:30:00 PM,5/13/2025,2319,2319,2277.1,2282.3,1549845
6:30:00 PM,5/14/2025,2285,2335.5,2268,2329.9,1675016
6:30:00 PM,5/15/2025,2333.9,2355,2315,2353.6,785113
6:30:00 PM,5/18/2025,2353.6,2378.9,2326.6,2331.4,552961
6:30:00 PM,5/19/2025,2347.5,2347.7,2291.4,2295.6,1095846
6:30:00 PM,5/20/2025,2296,2316.2,2290,2312.4,469330
6:30:00 PM,5/21/2025,2309.2,2310,2283.1,2299.2,916504
6:30:00 PM,5/22/2025,2301.8,2329,2295,2315.5,458035
6:30:00 PM,5/25/2025,2316,2338,2302.8,2327.2,1258062
6:30:00 PM,5/26/2025,2313.1,2351.6,2301.1,2327.6,2485428
6:30:00 PM,5/27/2025,2327.6,2333,2300.3,2303.2,774808
6:30:00 PM,5/28/2025,2303.2,2309,2286.5,2294.3,1414643
6:30:00 PM,5/29/2025,2296.5,2304,2255,2259.1,3610474
6:30:00 PM,6/1/2025,2259.1,2272.3,2257.9,2266.7,702789
6:30:00 PM,6/2/2025,2272.6,2287.3,2246.7,2255.7,792587
6:30:00 PM,6/3/2025,2249.5,2261,2240.9,2249,768084
6:30:00 PM,6/4/2025,2251.1,2261,2233,2243.5,996615
6:30:00 PM,6/5/2025,2249.1,2252.6,2239,2245.2,822087
6:30:00 PM,6/8/2025,2240,2255.8,2236,2247.9,1041859
6:30:00 PM,6/9/2025,2240,2240,2215.2,2218.9,1809078
6:30:00 PM,6/10/2025,2209,2225.9,2207.2,2208.8,1431027
6:30:00 PM,6/11/2025,2224,2263,2208.1,2219.4,3417375
6:30:00 PM,6/12/2025,2175,2217.1,2174.8,2214.2,1786808
6:30:00 PM,6/15/2025,2214.2,2250,2209.3,2244.8,1301826
6:30:00 PM,6/16/2025,2231,2281,2227,2264.8,1540986
6:30:00 PM,6/17/2025,2257,2284,2255,2281.4,1131156
6:30:00 PM,6/18/2025,2270,2285,2264,2268,524936
6:30:00 PM,6/19/2025,2267,2289.9,2263,2285.7,1945030
6:30:00 PM,6/22/2025,2261.2,2272.8,2253.9,2264.1,596186
6:30:00 PM,6/23/2025,2305,2309.7,2268.9,2275.3,1044179
6:30:00 PM,6/24/2025,2276.1,2294.3,2275.4,2279.9,807391
6:30:00 PM,6/25/2025,2287,2292.6,2280.2,2289.8,921519
6:30:00 PM,6/26/2025,2283,2364.5,2277.1,2358.7,1555259
6:30:00 PM,6/29/2025,2362,2369.9,2326.1,2341.1,785414
6:30:00 PM,6/30/2025,2380.5,2400,2350.2,2369.5,1232160
6:30:00 PM,7/1/2025,2340,2430,2327,2419.4,1936060
6:30:00 PM,7/2/2025,2428.9,2464.4,2425,2430.9,1547489
3:45:00 AM,7/4/2025,2430.9,2440.8,2412,2421.1,572028
6:30:00 PM,7/9/2024,2900.05,3014.5,2894.35,2996.45,2299950
6:30:00 PM,7/10/2024,2999,3030,2973,3022.05,1968980
6:30:00 PM,7/11/2024,3025,3052,2970.9,2999.15,1879930
6:30:00 PM,7/14/2024,2999,2999,2932.55,2956.5,2425341
6:30:00 PM,7/15/2024,2959,3015.95,2941.5,2974.45,2085611
6:30:00 PM,7/17/2024,2875,2957.9,2842,2931.55,5384611
6:30:00 PM,7/18/2024,2925,2980,2917.25,2946.05,2164746
6:30:00 PM,7/21/2024,2937,2973.35,2917.15,2934.3,1616347
6:30:00 PM,7/22/2024,2934.3,2947.3,2886,2897.1,1906312
6:30:00 PM,7/23/2024,2901,2927,2886.2,2912.8,1476148
6:30:00 PM,7/24/2024,2892.05,2908.7,2885.25,2901.4,1239922
6:30:00 PM,7/25/2024,2902.2,2964.45,2900.7,2950.15,1359780
6:30:00 PM,7/28/2024,2953.05,2965.1,2936,2954.7,854408
6:30:00 PM,7/29/2024,2973.5,3032.8,2970,3005.05,2144591
6:30:00 PM,7/30/2024,3005.05,3098,3005.05,3084.45,3549501
6:30:00 PM,7/31/2024,3088,3128.95,3062.8,3099.35,1675122
6:30:00 PM,8/1/2024,3070,3129.05,3060,3106.7,1348780
6:30:00 PM,8/4/2024,3069.95,3145,3055.3,3093.4,2019141
6:30:00 PM,8/5/2024,3101.7,3135,3086.05,3101.75,885743
6:30:00 PM,8/6/2024,3101.75,3118.5,3060.05,3101.45,1907105
6:30:00 PM,8/7/2024,3080,3089.7,2990.4,3005.4,1280109
6:30:00 PM,8/8/2024,3039,3052.75,2966,3040.6,1665414
6:30:00 PM,8/11/2024,3020,3084,3003.7,3053.2,1736881
6:30:00 PM,8/12/2024,3054.9,3059.8,3013,3023.55,502260
6:30:00 PM,8/13/2024,3034.8,3034.8,2994.05,3025.85,454671
6:30:00 PM,8/15/2024,3054,3054,3003,3048.15,514229
6:30:00 PM,8/18/2024,3053.95,3087.85,3038.35,3076.3,542858
6:30:00 PM,8/19/2024,3096,3106.35,3078,3103.2,668282
6:30:00 PM,8/20/2024,3101,3170.6,3084.05,3151.55,1186536
6:30:00 PM,8/21/2024,3167,3198.65,3156.05,3186.6,1540888
6:30:00 PM,8/22/2024,3190,3198.6,3148.75,3154.65,779284
6:30:00 PM,8/25/2024,3155,3177.45,3141.5,3171.35,472874
6:30:00 PM,8/26/2024,3154,3203.65,3150,3166.2,1003501
6:30:00 PM,8/27/2024,3152.95,3165.5,3118.8,3125.5,538366
6:30:00 PM,8/28/2024,3125.5,3143.95,3092.7,3115.85,849866
6:30:00 PM,8/29/2024,3130.05,3166.75,3110.7,3126.8,1567031
6:30:00 PM,9/1/2024,3148,3184,3139.6,3150.95,702358
6:30:00 PM,9/2/2024,3164.95,3174.55,3147.5,3154.85,577471
6:30:00 PM,9/3/2024,3155.5,3252,3155.5,3231.65,2379110
6:30:00 PM,9/4/2024,3240,3257,3217,3238.25,1482119
6:30:00 PM,9/5/2024,3238,3285.9,3225.35,3273.7,2131256
6:30:00 PM,9/8/2024,3273.7,3314,3258,3280.75,1272289
6:30:00 PM,9/9/2024,3290,3310,3270.9,3295.05,928920
6:30:00 PM,9/10/2024,3315,3382.95,3315,3367.45,2561892
6:30:00 PM,9/11/2024,3370,3393,3340.3,3383.25,1643536
6:30:00 PM,9/12/2024,3355.55,3369.7,3320.9,3358.05,1029400
6:30:00 PM,9/15/2024,3360,3394.9,3330.6,3335.8,1019280
6:30:00 PM,9/16/2024,3335.8,3349.9,3301.8,3312.8,586834
6:30:00 PM,9/17/2024,3312.8,3324.85,3251.55,3274.65,410510
6:30:00 PM,9/18/2024,3294,3320,3275,3293.85,963456
6:30:00 PM,9/19/2024,3304,3324.8,3266.05,3306.95,1504277
6:30:00 PM,9/22/2024,3316.95,3324.9,3273.2,3277.45,522775
6:30:00 PM,9/23/2024,3277.45,3297.75,3241.1,3248.4,1057933
6:30:00 PM,9/24/2024,3252,3252,3206.75,3244.75,740636
6:30:00 PM,9/25/2024,3250,3285.85,3227.1,3277.05,951080
6:30:00 PM,9/26/2024,3290.95,3337.95,3277.05,3310.75,1315996
6:30:00 PM,9/29/2024,3310.75,3358,3305.15,3329.1,1088162
6:30:00 PM,9/30/2024,3317,3328.95,3244.05,3277.35,968660
6:30:00 PM,10/2/2024,3192.3,3225.9,3126.5,3149.3,1741363
6:30:00 PM,10/3/2024,3135,3156.75,3054.55,3072.5,1551818
6:30:00 PM,10/6/2024,3075,3098.55,3038,3062.25,909812
6:30:00 PM,10/7/2024,3058,3099,3045.65,3088.05,817718
6:30:00 PM,10/8/2024,3095.55,3146.7,3071.75,3078.85,1225598
6:30:00 PM,10/9/2024,3090.05,3095,3043,3059.1,1161933
6:30:00 PM,10/10/2024,3059.2,3064,3026,3037.2,976017
6:30:00 PM,10/13/2024,3037,3055,3017.2,3039.15,716011
6:30:00 PM,10/14/2024,3075,3096.8,3047.65,3067.1,1242322
6:30:00 PM,10/15/2024,3088,3103.55,3066.1,3082.1,764001
6:30:00 PM,10/16/2024,3082.9,3085,3037,3055.85,674481
6:30:00 PM,10/17/2024,3057,3069,2980.6,2992.15,899318
6:30:00 PM,10/20/2024,3007.05,3057,3000.55,3049.2,806970
6:30:00 PM,10/21/2024,3054,3057.95,2995.25,3006.85,541838
6:30:00 PM,10/22/2024,2999.95,3026.5,2972.05,2989.7,624689
6:30:00 PM,10/23/2024,2989.7,3002.3,2951,2972,571259
6:30:00 PM,10/24/2024,2975.5,3015.55,2952,2958,1047769
6:30:00 PM,10/27/2024,2987.9,3021.7,2963.05,3001.85,504961
6:30:00 PM,10/28/2024,3020,3028,2941.1,2992.85,613459
6:30:00 PM,10/29/2024,3006,3006,2963.55,2996.65,812725
6:30:00 PM,10/30/2024,2994.2,2996.5,2919,2935.65,1031171
6:30:00 PM,10/31/2024,2958,2965.75,2930,2939.85,112249
6:30:00 PM,11/3/2024,2962.15,2962.15,2885.5,2915.3,1146008
6:30:00 PM,11/4/2024,2895,2918.8,2872.7,2887.3,935516
6:30:00 PM,11/5/2024,2890.5,2907.85,2860,2897.3,1817087
6:30:00 PM,11/6/2024,2900,2904.95,2825,2842.85,1112515
6:30:00 PM,11/7/2024,2842.85,2847,2762.4,2769.45,2060486
6:30:00 PM,11/10/2024,2565.05,2598.75,2506,2543.1,8855022
6:30:00 PM,11/11/2024,2535,2535,2470,2474.85,3445983
6:30:00 PM,11/12/2024,2470,2498,2451.1,2470.5,1803849
6:30:00 PM,11/13/2024,2482.8,2501.75,2466.2,2483.15,1206975
6:30:00 PM,11/17/2024,2520,2520,2470.8,2483.7,945477
6:30:00 PM,11/18/2024,2488,2503.2,2472.35,2483.7,941558
6:30:00 PM,11/20/2024,2454.7,2465.95,2425,2428.15,1377624
6:30:00 PM,11/21/2024,2430,2493.95,2422.95,2472.2,3805854
6:30:00 PM,11/24/2024,2505,2507.95,2450.05,2459.7,1857124
6:30:00 PM,11/25/2024,2459.9,2518,2457.6,2505,1152258
6:30:00 PM,11/26/2024,2517.5,2517.65,2480,2491.9,864733
6:30:00 PM,11/27/2024,2500,2506,2453.3,2458.05,1506233
6:30:00 PM,11/28/2024,2458.05,2491.5,2455.05,2479.6,1030935
6:30:00 PM,12/1/2024,2479.6,2486,2461.35,2479.05,914674
6:30:00 PM,12/2/2024,2494,2494,2463.5,2469.4,1344774
6:30:00 PM,12/3/2024,2478.9,2479.1,2453.2,2459.45,1005016
6:30:00 PM,12/4/2024,2465,2466.9,2423.9,2452.2,3190866
6:30:00 PM,12/5/2024,2468,2468,2427,2429.7,1736042
6:30:00 PM,12/8/2024,2438.15,2439,2387,2391.85,2301291
6:30:00 PM,12/9/2024,2399.9,2404.65,2385.05,2388.9,1657888
6:30:00 PM,12/10/2024,2399.75,2428,2392.65,2417.3,1337745
6:30:00 PM,12/11/2024,2413,2415,2380.7,2389.55,1089049
6:30:00 PM,12/12/2024,2389.55,2412,2354,2407.65,1150900
6:30:00 PM,12/15/2024,2419.95,2419.95,2386.15,2402.25,987790
6:30:00 PM,12/16/2024,2388,2399.9,2350.5,2356,1258249
6:30:00 PM,12/17/2024,2356.8,2372.7,2341,2345.45,855724
6:30:00 PM,12/18/2024,2325,2325,2265.35,2291.85,2784410
6:30:00 PM,12/19/2024,2297,2318,2276,2282.35,1719699
6:30:00 PM,12/22/2024,2300,2302.55,2266.05,2279.2,855677
6:30:00 PM,12/23/2024,2282.1,2295,2277.15,2284,601634
6:30:00 PM,12/25/2024,2284,2287.45,2256.5,2262.4,1267383
6:30:00 PM,12/26/2024,2270.25,2290.8,2260.05,2271.4,822000
6:30:00 PM,12/29/2024,2280.25,2298.8,2256.8,2288.25,1076978
6:30:00 PM,12/30/2024,2280,2297.65,2273,2281.35,685486
6:30:00 PM,12/31/2024,2280,2323.2,2280,2304.65,1067329
6:30:00 PM,1/1/2025,2314,2347.95,2294,2343.25,1342922
6:30:00 PM,1/2/2025,2344,2348.95,2322.15,2335.95,1355358
6:30:00 PM,1/11/2024,3294.95,3294.95,3244,3277.8,673004
6:30:00 PM,1/14/2024,3282.2,3287.2,3258.6,3273.9,728116
6:30:00 PM,1/15/2024,3274.95,3320,3273.9,3296.9,748215
6:30:00 PM,1/16/2024,3294.1,3304.35,3193.05,3242.3,2239241
6:30:00 PM,1/17/2024,3257.95,3257.95,3048.6,3163.85,1979174
6:30:00 PM,1/18/2024,3177.8,3201.55,3148.6,3165.85,936201
6:30:00 PM,1/19/2024,3179.9,3189.2,3130.35,3138.8,275937
6:30:00 PM,1/22/2024,3087.55,3109,3021.55,3054.7,2365225
6:30:00 PM,1/23/2024,3055,3055,2976.1,2999.45,2665932
6:30:00 PM,1/24/2024,3010.05,3016,2942.3,2949.2,2001961
6:30:00 PM,1/28/2024,2940.05,2988.45,2940.05,2976.05,1862723
6:30:00 PM,1/29/2024,2990,3005,2951.05,2954.1,1273188
6:30:00 PM,1/30/2024,2966,2971.9,2948.05,2957.85,1771244
6:30:00 PM,1/31/2024,2961,2972.85,2919.95,2929.35,3006472
6:30:00 PM,2/1/2024,2950,2962.35,2924.05,2936.3,1881911
6:30:00 PM,2/4/2024,2950,2965,2912,2917.35,923435
6:30:00 PM,2/5/2024,2931,2947,2902.65,2930.95,1471312
6:30:00 PM,2/6/2024,2957,3002.95,2936.05,2981.15,1134012
6:30:00 PM,2/7/2024,2999.75,2999.75,2919.8,2929.6,1633654
6:30:00 PM,2/8/2024,2930,2959,2910.55,2951.65,1144765
6:30:00 PM,2/11/2024,2951.65,2964.95,2920.05,2953.8,614469
6:30:00 PM,2/12/2024,2964.95,2981.25,2945.7,2971.6,717118
6:30:00 PM,2/13/2024,2969.9,2980.8,2936.05,2976.4,750339
6:30:00 PM,2/14/2024,2980,3024.5,2967.45,3016.55,1068730
6:30:00 PM,2/15/2024,3035,3035,3000,3007.9,1179473
6:30:00 PM,2/18/2024,3007.9,3018.7,2987.5,2998.1,560700
6:30:00 PM,2/19/2024,2998.1,3017.1,2972.1,3011.65,729371
6:30:00 PM,2/20/2024,3012.05,3026.75,2983.5,3001.8,927130
6:30:00 PM,2/21/2024,2983,3027.2,2932.1,3017.4,2615821
6:30:00 PM,2/22/2024,2999,3005,2966.2,2985.95,1650523
6:30:00 PM,2/25/2024,2920,2930,2847.8,2868.45,3524491
6:30:00 PM,2/26/2024,2855,2870,2850.1,2859.55,1296180
6:30:00 PM,2/27/2024,2850.15,2859.4,2785.5,2794.35,2472196
6:30:00 PM,2/28/2024,2785,2838,2776.75,2821.9,2284424
6:30:00 PM,2/29/2024,2832.9,2845.95,2815.05,2831.75,978174
6:30:00 PM,3/1/2024,2840,2862.1,2836.05,2849.8,89988
6:30:00 PM,3/3/2024,2860,2860.95,2828,2831.75,971299
6:30:00 PM,3/4/2024,2834,2834.85,2805,2820.4,736381
6:30:00 PM,3/5/2024,2827.95,2839,2777.75,2827.3,1723066
6:30:00 PM,3/6/2024,2825,2894,2825,2870.55,1564364
6:30:00 PM,3/10/2024,2895.55,2896.55,2853.1,2876.85,866546
6:30:00 PM,3/11/2024,2880,2899.9,2865.45,2876.15,663186
6:30:00 PM,3/12/2024,2878.6,2887.25,2835,2860.15,955841
6:30:00 PM,3/13/2024,2860,2898.05,2841,2892.25,1381741
6:30:00 PM,3/14/2024,2895,2896.95,2850,2867.55,1356226
6:30:00 PM,3/17/2024,2866,2866,2817.25,2846.5,940424
6:30:00 PM,3/18/2024,2840,2840,2801,2815.1,1199135
6:30:00 PM,3/19/2024,2815.1,2837.05,2797.55,2824.9,818910
6:30:00 PM,3/20/2024,2845,2845.4,2806,2821.15,1167680
6:30:00 PM,3/21/2024,2821.15,2855.15,2808,2841.5,1652689
6:30:00 PM,3/25/2024,2820,2844.15,2810,2814.65,1372390
6:30:00 PM,3/26/2024,2817.95,2842.85,2817.7,2830.5,1156231
6:30:00 PM,3/27/2024,2835.05,2868,2819,2846.75,1864623
6:30:00 PM,3/31/2024,2860.95,2886.45,2852.35,2871,558086
6:30:00 PM,4/1/2024,2874.05,2892.4,2856,2874.2,562473
6:30:00 PM,4/2/2024,2845,2884.55,2845,2869.35,816676
6:30:00 PM,4/3/2024,2870,2943.25,2851.25,2918.3,1831347
6:30:00 PM,4/4/2024,2924,2927.75,2880,2883.45,1155672
6:30:00 PM,4/7/2024,2908,2908.95,2873.8,2892,570695
6:30:00 PM,4/8/2024,2893,2916.45,2845,2857.15,1017670
6:30:00 PM,4/9/2024,2883.3,2899.1,2858,2896.75,740495
6:30:00 PM,4/11/2024,2890,2893,2845,2854.5,1766311
6:30:00 PM,4/14/2024,2830.2,2853.5,2812.35,2844.4,884519
6:30:00 PM,4/15/2024,2827.65,2841.45,2820,2830,911249
6:30:00 PM,4/17/2024,2855,2859.2,2800.1,2807.7,1732434
6:30:00 PM,4/18/2024,2790,2822.1,2766.15,2808.55,1337807
6:30:00 PM,4/21/2024,2846.6,2846.6,2814.05,2841.85,676040
6:30:00 PM,4/22/2024,2852,2877.95,2844,2874.9,929062
6:30:00 PM,4/23/2024,2882.95,2883.1,2860,2867.75,718441
6:30:00 PM,4/24/2024,2865,2869.9,2829.05,2861.45,1594152
6:30:00 PM,4/25/2024,2870,2878.2,2837.05,2844.15,625507
6:30:00 PM,4/28/2024,2844.15,2873.95,2839,2868.2,566219
6:30:00 PM,4/29/2024,2855,2912,2855,2875.9,1290649
6:30:00 PM,5/1/2024,2875.1,2988,2875.1,2975.4,2493406
6:30:00 PM,5/2/2024,2983.05,2997,2909.25,2929.75,1594445
6:30:00 PM,5/5/2024,2950,2959,2911.2,2932.15,768806
6:30:00 PM,5/6/2024,2947,2967.95,2904,2913,629534
6:30:00 PM,5/7/2024,2900,2905,2821,2843.3,1652877
6:30:00 PM,5/8/2024,2828,2853.95,2703.8,2710.1,3547959
6:30:00 PM,5/9/2024,2699,2792.6,2670.1,2771.25,2478584
6:30:00 PM,5/12/2024,2771.25,2895,2754.1,2879.25,2748823
6:30:00 PM,5/13/2024,2879,2888,2842,2866.15,999330
6:30:00 PM,5/14/2024,2866.15,2874.25,2806.15,2813.7,1230520
6:30:00 PM,5/15/2024,2821.05,2837.6,2786.55,2814.05,1534319
6:30:00 PM,5/16/2024,2814.6,2838.2,2786.1,2809.9,1325150
6:30:00 PM,5/17/2024,2824,2830,2810.2,2816.35,52260
6:30:00 PM,5/20/2024,2815,2866.95,2801,2851.8,921822
6:30:00 PM,5/21/2024,2851.8,2895,2836.6,2885.75,933846
6:30:00 PM,5/22/2024,2885,2921.25,2877.3,2903.75,1181894
6:30:00 PM,5/23/2024,2910.2,2910.2,2867,2874.75,755822
6:30:00 PM,5/26/2024,2887.9,2898.3,2855.55,2872.3,817091
6:30:00 PM,5/27/2024,2875.85,2921,2864,2911.2,1084544
6:30:00 PM,5/28/2024,2896,2921.7,2881.1,2900.15,1758297
6:30:00 PM,5/29/2024,2875.25,2910.85,2875,2883.7,1344426
6:30:00 PM,5/30/2024,2883.7,2906,2855.6,2881.2,2520363
6:30:00 PM,6/2/2024,2950,2950,2860.05,2866.45,952701
6:30:00 PM,6/3/2024,2880,2897,2775.75,2857.65,2683847
6:30:00 PM,6/4/2024,2864.5,3027.3,2864.5,2961.75,2410576
6:30:00 PM,6/5/2024,2960,2961.75,2882.25,2904.8,1689408
6:30:00 PM,6/6/2024,2904.8,2943.1,2888.85,2927.7,1600180
6:30:00 PM,6/9/2024,2928,2951.9,2915,2937.55,876867
6:30:00 PM,6/10/2024,2915,2920.35,2895,2902.45,855430
6:30:00 PM,6/11/2024,2909,2918,2865.65,2905.8,1701770
6:30:00 PM,6/12/2024,2929,2929,2905,2910,726380
6:30:00 PM,6/13/2024,2910,2931.35,2905.1,2921.6,982815
6:30:00 PM,6/17/2024,2921.6,2928,2905,2918.5,741098
6:30:00 PM,6/18/2024,2918,2920,2882.65,2891.7,1018294
6:30:00 PM,6/19/2024,2885,2924.5,2872.4,2915.5,1129752
6:30:00 PM,6/20/2024,2925,2928,2880.1,2890.85,1722379
6:30:00 PM,6/23/2024,2883,2899.95,2871.4,2896.05,892125
6:30:00 PM,6/24/2024,2876,2894.95,2856,2858.45,1217792
6:30:00 PM,6/25/2024,2860.2,2873.85,2844.05,2863.35,960622
6:30:00 PM,6/26/2024,2860.75,2903,2845,2880.85,1628022
6:30:00 PM,6/27/2024,2865,2932,2862.2,2917.05,1206712
6:30:00 PM,6/30/2024,2889.3,2939,2888,2927.8,1104110
6:30:00 PM,7/1/2024,2927.8,2936,2912,2925.6,1064295
6:30:00 PM,7/2/2024,2929.7,2948.95,2916,2925.55,925189
6:30:00 PM,7/3/2024,2940,2968.45,2923,2934.9,968666
6:30:00 PM,7/4/2024,2937.15,2946.9,2913.1,2935.9,817429
6:30:00 PM,7/7/2024,2935.9,2935.9,2890.7,2898.15,828260
6:30:00 PM,7/8/2024,2908.95,2913.2,2890,2905,685431
6:30:00 PM,7/16/2023,3429.75,3473,3425,3460.4,817694
6:30:00 PM,7/17/2023,3460,3523,3455.6,3513.45,962485
6:30:00 PM,7/18/2023,3520,3530,3482.5,3514.65,620289
6:30:00 PM,7/19/2023,3510.05,3535,3494.95,3526,589848
6:30:00 PM,7/20/2023,3535.95,3537.95,3505,3517.7,857975
6:30:00 PM,7/23/2023,3506,3568,3498.5,3543.7,680246
6:30:00 PM,7/24/2023,3547.9,3547.9,3350,3400.4,2555630
6:30:00 PM,7/25/2023,3399.85,3413,3365,3373,959076
6:30:00 PM,7/26/2023,3390,3414,3351,3369.4,874078
6:30:00 PM,7/27/2023,3375,3399,3364.5,3390.7,553750
6:30:00 PM,7/30/2023,3323.2,3388,3323.15,3377.35,933890
6:30:00 PM,7/31/2023,3372,3385,3338,3342.95,698667
6:30:00 PM,8/1/2023,3341.2,3371.95,3330.65,3362.9,857218
6:30:00 PM,8/2/2023,3370,3379.95,3317.95,3336.35,711067
6:30:00 PM,8/3/2023,3338.15,3373.3,3323,3339.65,519248
6:30:00 PM,8/6/2023,3316.05,3350,3316,3343,360358
6:30:00 PM,8/7/2023,3343,3359.95,3332.65,3348.05,500258
6:30:00 PM,8/8/2023,3332.55,3356.95,3303,3331,643222
6:30:00 PM,8/9/2023,3310,3320,3230,3237.9,1253219
6:30:00 PM,8/10/2023,3237.9,3248.95,3180,3185.35,919023
6:30:00 PM,8/13/2023,3185.35,3209.9,3152.25,3202.6,815534
6:30:00 PM,8/15/2023,3194.9,3208.85,3176.9,3194.05,597686
6:30:00 PM,8/16/2023,3223.9,3224,3162,3183.25,873392
6:30:00 PM,8/17/2023,3174.9,3185.5,3155,3163.55,592652
6:30:00 PM,8/20/2023,3159.9,3187.5,3152.15,3182.3,353330
6:30:00 PM,8/21/2023,3198.6,3198.6,3171,3179.7,377068
6:30:00 PM,8/22/2023,3186,3196,3165.25,3168.8,370811
6:30:00 PM,8/23/2023,3185,3232.9,3170.9,3225.6,1167742
6:30:00 PM,8/24/2023,3224.9,3265,3216.2,3259.3,1363431
6:30:00 PM,8/27/2023,3264.95,3272,3231.05,3259.7,707315
6:30:00 PM,8/28/2023,3261,3289,3255.05,3285.7,533163
6:30:00 PM,8/29/2023,3301.3,3302.85,3276.4,3294.7,599080
6:30:00 PM,8/30/2023,3300.05,3302,3220,3256.1,1601967
6:30:00 PM,8/31/2023,3241.1,3264.2,3217.1,3259.55,650131
6:30:00 PM,9/3/2023,3259.55,3266.25,3216.1,3235.55,696213
6:30:00 PM,9/4/2023,3245,3248.85,3220,3223.3,597022
6:30:00 PM,9/5/2023,3209,3230,3195,3225.3,754106
6:30:00 PM,9/6/2023,3225.3,3253.75,3201.25,3246.35,923108
6:30:00 PM,9/7/2023,3250.55,3263.05,3232,3238.05,395918
6:30:00 PM,9/10/2023,3242,3265,3242,3259.4,359345
6:30:00 PM,9/11/2023,3260,3279.8,3243,3256.85,554905
6:30:00 PM,9/12/2023,3245,3284.65,3225.3,3277.75,880907
6:30:00 PM,9/13/2023,3282,3294.2,3223.25,3240.25,1102554
6:30:00 PM,9/14/2023,3235,3240,3185,3196.65,1568607
6:30:00 PM,9/17/2023,3200,3229.9,3190,3206.3,673602
6:30:00 PM,9/19/2023,3206.3,3228,3195,3214.35,901084
6:30:00 PM,9/20/2023,3210,3261.2,3180.55,3244.2,845739
6:30:00 PM,9/21/2023,3234.95,3283.6,3221.15,3274.85,896521
6:30:00 PM,9/24/2023,3272.3,3334.8,3271.15,3323.25,1422084
6:30:00 PM,9/25/2023,3323,3324.9,3260.35,3292.8,834560
6:30:00 PM,9/26/2023,3288,3309,3271.7,3301.8,516326
6:30:00 PM,9/27/2023,3281.8,3289,3155,3170.35,2104381
6:30:00 PM,9/28/2023,3195,3195,3134,3161.05,1550585
6:30:00 PM,10/2/2023,3166.1,3227.8,3162,3166.85,1219145
6:30:00 PM,10/3/2023,3164.95,3189,3151.35,3169.9,892584
6:30:00 PM,10/4/2023,3210,3232.1,3174.3,3206.25,1002610
6:30:00 PM,10/5/2023,3214.75,3217,3190,3195.75,814257
6:30:00 PM,10/8/2023,3140.05,3163,3132.7,3152.8,700012
6:30:00 PM,10/9/2023,3150,3164.9,3140.05,3151.5,847367
6:30:00 PM,10/10/2023,3169,3185,3152.05,3163.9,1025317
6:30:00 PM,10/11/2023,3186,3188.5,3150.05,3159.1,992531
6:30:00 PM,10/12/2023,3150,3172,3128.25,3148.8,854688
6:30:00 PM,10/15/2023,3124,3128,3096.1,3112.05,853011
6:30:00 PM,10/16/2023,3137,3137,3091.8,3113.55,792640
6:30:00 PM,10/17/2023,3110,3115.2,3090,3096.45,481985
6:30:00 PM,10/18/2023,3087.7,3110.9,3076.1,3101.8,568124
6:30:00 PM,10/19/2023,3092.5,3115.1,3064.55,3105.85,711434
6:30:00 PM,10/22/2023,3096.05,3108.9,3064,3072,374476
6:30:00 PM,10/24/2023,3093.4,3108,3052,3060.8,669290
6:30:00 PM,10/25/2023,3051.1,3055,2940,2960.3,1834111
6:30:00 PM,10/26/2023,2932.8,2974.65,2931,2955.15,1708185
6:30:00 PM,10/29/2023,2974,2991.95,2939.1,2967.1,878885
6:30:00 PM,10/30/2023,2969,3012.75,2966,2995.7,1152306
6:30:00 PM,10/31/2023,2997.95,3008.9,2930,2934.55,1029990
6:30:00 PM,11/1/2023,2961.05,2962,2934,2955.4,900125
6:30:00 PM,11/2/2023,2957,2982.9,2942,2977.85,715997
6:30:00 PM,11/5/2023,2998,3034.05,2983.85,3029.3,620959
6:30:00 PM,11/6/2023,3029.3,3038.95,3002.2,3033.35,757998
6:30:00 PM,11/7/2023,3058,3098.95,3046.2,3095.25,783400
6:30:00 PM,11/8/2023,3100,3111.4,3074.05,3080.2,849702
6:30:00 PM,11/9/2023,3070,3085,3040.1,3076.45,364232
6:30:00 PM,11/11/2023,3099.95,3100,3090,3098.15,85178
6:30:00 PM,11/12/2023,3098,3098,3065,3085.6,405941
6:30:00 PM,11/14/2023,3085.7,3118.85,3078.7,3116.2,700017
6:30:00 PM,11/15/2023,3119,3140.9,3097.6,3130.3,675454
6:30:00 PM,11/16/2023,3150,3228.25,3145.65,3168.9,1430175
6:30:00 PM,11/19/2023,3168.9,3171.9,3132,3140.35,406431
6:30:00 PM,11/20/2023,3156.9,3156.9,3127,3133.25,409069
6:30:00 PM,11/21/2023,3140,3157,3121.2,3133,489889
6:30:00 PM,11/22/2023,3148,3171.4,3115.15,3122.95,792460
6:30:00 PM,11/23/2023,3118,3139.8,3111,3136.15,756329
6:30:00 PM,11/27/2023,3141.15,3160,3136.15,3148.35,647883
6:30:00 PM,11/28/2023,3148.35,3170,3142,3148.35,620725
6:30:00 PM,11/29/2023,3148.35,3153.95,3108.35,3119.9,1793116
6:30:00 PM,11/30/2023,3146.95,3190.6,3140.25,3173.4,960196
6:30:00 PM,12/3/2023,3190,3204.45,3166.5,3194.55,1018189
6:30:00 PM,12/4/2023,3197,3247.65,3180,3226.25,1005550
6:30:00 PM,12/5/2023,3265,3289,3232.95,3252.55,1229158
6:30:00 PM,12/6/2023,3284,3299.95,3246.85,3251.8,1071725
6:30:00 PM,12/7/2023,3255,3269.8,3227.8,3232,895852
6:30:00 PM,12/10/2023,3230,3245,3185.5,3233,910426
6:30:00 PM,12/11/2023,3228,3257.05,3210,3224.75,1019030
6:30:00 PM,12/12/2023,3240,3254.95,3190.3,3243.65,1052079
6:30:00 PM,12/13/2023,3255,3258.6,3218,3241.35,923107
6:30:00 PM,12/14/2023,3250,3326.35,3242,3313.9,1631687
6:30:00 PM,12/17/2023,3313,3335.8,3296,3332.05,911936
6:30:00 PM,12/18/2023,3335.95,3353.9,3300.15,3336.05,780448
6:30:00 PM,12/19/2023,3336.05,3359.95,3282.65,3297.15,979762
6:30:00 PM,12/20/2023,3280,3320,3271.85,3302.95,1585879
6:30:00 PM,12/21/2023,3309.9,3350.8,3287,3341.3,930563
6:30:00 PM,12/25/2023,3349.95,3391.9,3345.2,3383.35,600190
6:30:00 PM,12/26/2023,3381.05,3409.95,3354,3404.45,837182
6:30:00 PM,12/27/2023,3405,3419.95,3373.05,3397.25,779250
6:30:00 PM,12/28/2023,3410,3422.95,3383.9,3402.4,615676
6:30:00 PM,12/31/2023,3403,3411.8,3389.15,3396.1,283951
6:30:00 PM,1/1/2024,3396,3398.9,3345,3391.35,552394
6:30:00 PM,1/2/2024,3391.35,3399,3365,3373.6,379131
6:30:00 PM,1/3/2024,3372,3401.25,3363.8,3379.95,777127
6:30:00 PM,1/4/2024,3379.95,3380.4,3348,3355.55,416956
6:30:00 PM,1/7/2024,3355,3376.5,3294.85,3298.4,545884
6:30:00 PM,1/8/2024,3310,3315,3262.25,3267.5,670704
6:30:00 PM,1/9/2024,3292,3293,3258.2,3286.85,691087
6:30:00 PM,1/10/2024,3286.85,3309.2,3270.7,3288.2,537469
6:30:00 PM,1/16/2023,2925,2944.85,2911.15,2940.9,716489
6:30:00 PM,1/17/2023,2947.95,2960,2929.35,2945.25,893808
6:30:00 PM,1/18/2023,2954.9,2973.6,2843.6,2866.15,2379947
6:30:00 PM,1/19/2023,2848,2848,2781,2787.8,3171005
6:30:00 PM,1/22/2023,2800,2800,2767.85,2784.45,1402260
6:30:00 PM,1/23/2023,2795,2827.1,2784.45,2810.6,1061471
6:30:00 PM,1/24/2023,2810.9,2811,2767.1,2775,857953
6:30:00 PM,1/26/2023,2766.6,2772.85,2685.85,2722.65,1801498
6:30:00 PM,1/29/2023,2724,2776,2696.25,2766.2,1171912
6:30:00 PM,1/30/2023,2760,2779.95,2718.05,2725.85,1961805
6:30:00 PM,1/31/2023,2749.8,2778,2704.8,2743.75,1176872
6:30:00 PM,2/1/2023,2741,2741,2694,2705.65,1308570
6:30:00 PM,2/2/2023,2705.65,2763.9,2700,2760.4,1278409
6:30:00 PM,2/5/2023,2760.4,2765,2718,2754.2,1120284
6:30:00 PM,2/6/2023,2762,2774.5,2748.15,2758.05,732250
6:30:00 PM,2/7/2023,2768,2784,2744.3,2765.6,811956
6:30:00 PM,2/8/2023,2781.95,2820.35,2766.15,2814.6,946372
6:30:00 PM,2/9/2023,2830,2830.95,2793,2804.6,700072
6:30:00 PM,2/12/2023,2814.5,2829,2780,2790.75,467228
6:30:00 PM,2/13/2023,2804.75,2804.75,2765,2777,524746
6:30:00 PM,2/14/2023,2777,2798.3,2754,2786.15,817717
6:30:00 PM,2/15/2023,2797,2834.35,2790.1,2805.95,788964
6:30:00 PM,2/16/2023,2802.95,2845.85,2785.5,2833.6,840526
6:30:00 PM,2/19/2023,2845,2852,2812.1,2825.55,646218
6:30:00 PM,2/20/2023,2837,2838.7,2805,2817.1,631934
6:30:00 PM,2/21/2023,2809.95,2813.95,2780,2795.95,580270
6:30:00 PM,2/22/2023,2805,2805.55,2700.1,2705.95,1790570
6:30:00 PM,2/23/2023,2712.1,2762,2710,2738.5,1429040
6:30:00 PM,2/26/2023,2740.4,2758.65,2725.05,2749.9,561317
6:30:00 PM,2/27/2023,2750,2839,2727.45,2828.8,1815923
6:30:00 PM,2/28/2023,2828,2853.3,2816.05,2840.9,816598
6:30:00 PM,3/1/2023,2831,2849,2811,2833.9,604523
6:30:00 PM,3/2/2023,2837.05,2852,2810.65,2828.85,679295
6:30:00 PM,3/5/2023,2843,2884,2830.25,2864.55,1050267
6:30:00 PM,3/7/2023,2870,2870,2827,2859.55,580250
6:30:00 PM,3/8/2023,2862,2872.45,2836.85,2853.55,774224
6:30:00 PM,3/9/2023,2844,2844,2807,2830.2,489978
6:30:00 PM,3/12/2023,2823.5,2849.45,2772.2,2784.2,813217
6:30:00 PM,3/13/2023,2782.95,2786.95,2740.05,2745.6,1060450
6:30:00 PM,3/14/2023,2772.2,2866.35,2765.2,2827.4,2170346
6:30:00 PM,3/15/2023,2850,2900,2828.7,2893.25,1755487
6:30:00 PM,3/16/2023,2923.95,2923.95,2855.05,2862.65,1848073
6:30:00 PM,3/19/2023,2915,2915,2831.05,2855.15,1074367
6:30:00 PM,3/20/2023,2858.15,2887,2835,2839.1,691891
6:30:00 PM,3/21/2023,2825,2853.15,2814.85,2839.85,731807
6:30:00 PM,3/22/2023,2817.1,2823,2767.75,2797.8,1016581
6:30:00 PM,3/23/2023,2797.8,2815.65,2772.85,2798.5,784111
6:30:00 PM,3/26/2023,2798.5,2820,2786.5,2803.75,791560
6:30:00 PM,3/27/2023,2791,2810.6,2765,2784.45,558581
6:30:00 PM,3/28/2023,2784.45,2793.75,2755,2770.5,1087648
6:30:00 PM,3/30/2023,2756.05,2775,2747.5,2761.65,1967803
6:30:00 PM,4/2/2023,2746.95,2781.65,2708.65,2777,1035295
6:30:00 PM,4/4/2023,2760,2811.55,2752.25,2808.5,668643
6:30:00 PM,4/5/2023,2807.45,2825,2786.8,2809.85,627554
6:30:00 PM,4/9/2023,2810,2810,2755.1,2776.35,1215461
6:30:00 PM,4/10/2023,2790,2790,2750.05,2753.8,1246379
6:30:00 PM,4/11/2023,2755.55,2806.2,2751,2786.75,2235399
6:30:00 PM,4/12/2023,2786.7,2813.3,2782,2809.75,602597
6:30:00 PM,4/16/2023,2825,2845.6,2806,2843.1,754555
6:30:00 PM,4/17/2023,2848,2858.45,2830.1,2854.6,717724
6:30:00 PM,4/18/2023,2836.35,2852.7,2800.65,2809.7,799624
6:30:00 PM,4/19/2023,2820,2851,2813.15,2843.85,761101
6:30:00 PM,4/20/2023,2847.1,2887,2847.1,2882.1,894930
6:30:00 PM,4/23/2023,2882.1,2898,2852,2891.1,782967
6:30:00 PM,4/24/2023,2891.05,2901.75,2864.15,2898,636120
6:30:00 PM,4/25/2023,2896.95,2916.45,2888.05,2910,569221
6:30:00 PM,4/26/2023,2915.5,2920,2893.85,2899.95,599461
6:30:00 PM,4/27/2023,2919.95,2919.95,2846.6,2902.35,1080665
6:30:00 PM,5/1/2023,2910.95,2933.7,2893,2899.55,663800
6:30:00 PM,5/2/2023,2918,2962.4,2897,2929.7,1237193
6:30:00 PM,5/3/2023,2948,2986.15,2922.15,2982.85,1008540
6:30:00 PM,5/4/2023,2971,3025,2951.05,3012.95,1326561
6:30:00 PM,5/7/2023,3015,3035.7,2993,3019.45,941879
6:30:00 PM,5/8/2023,3016.05,3074.8,3010.75,3034.8,1025850
6:30:00 PM,5/9/2023,3042.95,3057,3018.9,3041.4,751851
6:30:00 PM,5/10/2023,3052.05,3156.15,3031.5,3139.75,3229605
6:30:00 PM,5/11/2023,3139,3179.75,3086,3131.1,1998170
6:30:00 PM,5/14/2023,3134.2,3168,3121.05,3132,810281
6:30:00 PM,5/15/2023,3132,3165.7,3122.35,3138.1,822404
6:30:00 PM,5/16/2023,3136,3147.95,3075.55,3092.45,835371
6:30:00 PM,5/17/2023,3105.65,3125,3093.25,3109.05,498067
6:30:00 PM,5/18/2023,3124,3127.95,3068.05,3084.45,633262
6:30:00 PM,5/21/2023,3070,3105.6,3046,3084.9,659425
6:30:00 PM,5/22/2023,3087,3127.95,3085,3120.6,581204
6:30:00 PM,5/23/2023,3115,3133.15,3098,3101.5,439465
6:30:00 PM,5/24/2023,3101.5,3129,3086,3123.55,500313
6:30:00 PM,5/25/2023,3123,3136.95,3111.75,3128.4,568249
6:30:00 PM,5/28/2023,3147.2,3155,3116.05,3137.4,535712
6:30:00 PM,5/29/2023,3146.9,3155,3127.55,3144.4,506026
6:30:00 PM,5/30/2023,3151.95,3219.35,3136.45,3192.95,2349066
6:30:00 PM,5/31/2023,3235.35,3249.9,3207,3240.7,1104861
6:30:00 PM,6/1/2023,3239.4,3249.95,3219,3237.25,781973
6:30:00 PM,6/4/2023,3239.95,3239.95,3195,3199.75,492565
6:30:00 PM,6/5/2023,3207.75,3238.9,3195,3212.75,577698
6:30:00 PM,6/6/2023,3217,3229.25,3206.25,3224.8,470038
6:30:00 PM,6/7/2023,3220,3247,3193,3212.25,561161
6:30:00 PM,6/8/2023,3209.8,3238.9,3168.55,3180.55,1239045
6:30:00 PM,6/11/2023,3185.2,3202.35,3151.15,3194.75,1029156
6:30:00 PM,6/12/2023,3210,3272,3205.15,3262.85,1598821
6:30:00 PM,6/13/2023,3265,3289.9,3253,3270.2,741615
6:30:00 PM,6/14/2023,3276,3304,3273.35,3294.35,806994
6:30:00 PM,6/15/2023,3291.75,3322,3286.55,3316.85,984671
6:30:00 PM,6/18/2023,3318.85,3344.95,3303.25,3309.7,516915
6:30:00 PM,6/19/2023,3315,3326.85,3277.1,3318.7,866290
6:30:00 PM,6/20/2023,3318.7,3333,3300,3316.1,742456
6:30:00 PM,6/21/2023,3325,3326.85,3242.45,3248.05,871640
6:30:00 PM,6/22/2023,3265,3304.15,3253.05,3297.7,1260659
6:30:00 PM,6/25/2023,3295,3315.35,3271.4,3308.15,592801
6:30:00 PM,6/26/2023,3275,3344.5,3273.35,3326,914141
6:30:00 PM,6/27/2023,3331,3355.25,3323.5,3348.25,713110
6:30:00 PM,6/29/2023,3353,3449.6,3343.75,3362.05,1436363
6:30:00 PM,7/2/2023,3365,3379.95,3337.2,3358.7,474224
6:30:00 PM,7/3/2023,3358.7,3387,3331,3347.7,473663
6:30:00 PM,7/4/2023,3351.35,3400,3340.75,3374.4,632406
6:30:00 PM,7/5/2023,3410,3410,3367.8,3399.4,693995
6:30:00 PM,7/6/2023,3385,3414,3337.15,3343.7,620761
6:30:00 PM,7/9/2023,3345,3372.05,3293.95,3343.15,548838
6:30:00 PM,7/10/2023,3349.95,3399.95,3345,3392.55,772158
6:30:00 PM,7/11/2023,3408,3414.4,3362.25,3406.75,1025127
6:30:00 PM,7/12/2023,3425,3425,3384.35,3398.55,750126
6:30:00 PM,7/13/2023,3398.55,3439,3387,3429.75,832843
6:30:00 PM,7/20/2022,2981,3084.95,2981,3066.1,1184060
6:30:00 PM,7/21/2022,3066.1,3092.75,3048,3067.4,1268141
6:30:00 PM,7/24/2022,3069.5,3117.2,3051.65,3104.95,985844
6:30:00 PM,7/25/2022,3096,3149.8,3053,3108.5,2876310
6:30:00 PM,7/26/2022,3118.95,3193,3096,3186.05,1976407
6:30:00 PM,7/27/2022,3198,3280,3182,3272.4,1332572
6:30:00 PM,7/28/2022,3285.4,3354.35,3275,3333.75,1836550
6:30:00 PM,7/31/2022,3340.05,3355,3314.5,3324.55,1076122
6:30:00 PM,8/1/2022,3331,3404.75,3325.6,3396.15,1650536
6:30:00 PM,8/2/2022,3404,3448,3371.25,3439.65,1169005
6:30:00 PM,8/3/2022,3455,3476.95,3410.9,3460.5,981434
6:30:00 PM,8/4/2022,3475,3491.95,3451.55,3473.9,792478
6:30:00 PM,8/7/2022,3465,3476.95,3436.55,3458.45,724644
6:30:00 PM,8/9/2022,3441,3449.85,3396,3411.65,1089295
6:30:00 PM,8/10/2022,3450,3477.95,3390,3405.2,1410533
6:30:00 PM,8/11/2022,3399,3434.8,3383,3427.85,548472
6:30:00 PM,8/15/2022,3470,3509.45,3455.3,3501,911189
6:30:00 PM,8/16/2022,3517.95,3545.65,3504.6,3523.7,817912
6:30:00 PM,8/17/2022,3525,3542.7,3515.55,3535.35,599877
6:30:00 PM,8/18/2022,3520,3538.5,3464,3482.55,581829
6:30:00 PM,8/21/2022,3462.1,3485.55,3333.2,3349.75,2336567
6:30:00 PM,8/22/2022,3333,3383.95,3316.85,3356.6,831446
6:30:00 PM,8/23/2022,3339.6,3385,3302,3378.85,1182154
6:30:00 PM,8/24/2022,3375,3405.15,3351.2,3362.5,615392
6:30:00 PM,8/25/2022,3379.35,3384.5,3305.65,3323.55,1384783
6:30:00 PM,8/28/2022,3247,3348.35,3236.7,3343.25,1031166
6:30:00 PM,8/29/2022,3331,3409.75,3331,3391.6,1426459
6:30:00 PM,8/31/2022,3315,3474.4,3315,3446.55,1417762
6:30:00 PM,9/1/2022,3489,3489,3425,3431.05,740821
6:30:00 PM,9/4/2022,3425.05,3450,3405.55,3424.8,518438
6:30:00 PM,9/5/2022,3420,3434.55,3384,3395.25,540937
6:30:00 PM,9/6/2022,3392,3435,3385.95,3400.35,682921
6:30:00 PM,9/7/2022,3450,3484.65,3427.4,3450.15,1143090
6:30:00 PM,9/8/2022,3483.7,3483.7,3433.45,3441.85,702805
6:30:00 PM,9/11/2022,3441.85,3453.65,3423,3432.2,641280
6:30:00 PM,9/12/2022,3432,3459,3414.65,3422.2,776044
6:30:00 PM,9/13/2022,3380,3448.5,3380,3438.95,816678
6:30:00 PM,9/14/2022,3440,3458.75,3389.1,3395.4,590182
6:30:00 PM,9/15/2022,3412.4,3420,3309.55,3322.55,1598265
6:30:00 PM,9/18/2022,3320.65,3342.1,3231.3,3316.25,1013563
6:30:00 PM,9/19/2022,3335.6,3410,3334,3393.2,708184
6:30:00 PM,9/20/2022,3405,3424.9,3348,3356.05,605378
6:30:00 PM,9/21/2022,3356.05,3440,3315.65,3436,829396
6:30:00 PM,9/22/2022,3435,3437.95,3382.7,3395.25,513370
6:30:00 PM,9/25/2022,3370,3468,3354,3438.05,1429914
6:30:00 PM,9/26/2022,3454.85,3500,3431.05,3470.65,1455383
6:30:00 PM,9/27/2022,3451,3582.9,3420,3570.65,1843428
6:30:00 PM,9/28/2022,3563.45,3563.45,3372.4,3384.8,2624894
6:30:00 PM,9/29/2022,3402,3411.9,3285.25,3342.45,2159720
6:30:00 PM,10/2/2022,3348,3352.5,3285.75,3302.9,934543
6:30:00 PM,10/3/2022,3330,3368.35,3312.05,3337.75,994382
6:30:00 PM,10/5/2022,3337.75,3366.75,3311.7,3328.95,922770
6:30:00 PM,10/6/2022,3318,3359.6,3287.25,3343.7,774544
6:30:00 PM,10/9/2022,3280,3299,3260.2,3277.95,734377
6:30:00 PM,10/10/2022,3290.5,3360,3274,3298.7,1411316
6:30:00 PM,10/11/2022,3335,3339.5,3206,3248.2,1812549
6:30:00 PM,10/12/2022,3230.1,3258.2,3193.9,3209,779890
6:30:00 PM,10/13/2022,3235,3246,3180,3185.5,845765
6:30:00 PM,10/16/2022,3185.5,3218,3170.1,3197.6,1067773
6:30:00 PM,10/17/2022,3218,3250,3212,3225.85,1015424
6:30:00 PM,10/18/2022,3242,3245.7,3196.35,3212.75,943543
6:30:00 PM,10/19/2022,3198,3241.85,3101.8,3140.9,2284352
6:30:00 PM,10/20/2022,3140,3164.75,3072.65,3092.4,1738731
6:30:00 PM,10/23/2022,3150,3159,3116,3121.65,178709
6:30:00 PM,10/24/2022,3134,3135,3079.9,3084.9,1016316
6:30:00 PM,10/26/2022,3123,3123,3033,3043.45,2005709
6:30:00 PM,10/27/2022,3058.7,3071.6,3040,3053.4,715736
6:30:00 PM,10/30/2022,3082,3113,3061.05,3107.7,814364
6:30:00 PM,10/31/2022,3110.5,3164.4,3110.5,3159.4,939335
6:30:00 PM,11/1/2022,3158,3159.95,3122.1,3131.9,787012
6:30:00 PM,11/2/2022,3105,3148.75,3105,3141.3,563798
6:30:00 PM,11/3/2022,3148,3185,3125.9,3181.35,609757
6:30:00 PM,11/6/2022,3186,3198,3097.45,3103.55,1669943
6:30:00 PM,11/8/2022,3146,3146,3080,3086.5,1391333
6:30:00 PM,11/9/2022,3086,3086,3033.5,3045.15,1375007
6:30:00 PM,11/10/2022,3090.7,3098,3048,3055.4,810288
6:30:00 PM,11/13/2022,3056,3077.95,3041.05,3053.2,811702
6:30:00 PM,11/14/2022,3068.5,3095,3042,3079.3,873840
6:30:00 PM,11/15/2022,3079.3,3093,3051,3083.05,770953
6:30:00 PM,11/16/2022,3092,3096.55,3060,3071.6,706271
6:30:00 PM,11/17/2022,3095,3114.85,3055.75,3095.5,1258576
6:30:00 PM,11/20/2022,3105,3110.35,3066.2,3095.3,612194
6:30:00 PM,11/21/2022,3104,3119.5,3072.3,3103.85,764079
6:30:00 PM,11/22/2022,3111,3114.8,3090,3100.8,488341
6:30:00 PM,11/23/2022,3117.95,3120.25,3092,3115.3,571872
6:30:00 PM,11/24/2022,3115.3,3119.8,3075.25,3108.15,898769
6:30:00 PM,11/27/2022,3108.15,3159,3096.7,3151.2,914689
6:30:00 PM,11/28/2022,3157,3169,3127.15,3135.05,877720
6:30:00 PM,11/29/2022,3139.9,3199.95,3133.3,3175.15,2547283
6:30:00 PM,11/30/2022,3191,3197,3161.25,3179.35,761717
6:30:00 PM,12/1/2022,3173.15,3174.3,3134,3143.45,932259
6:30:00 PM,12/4/2022,3130,3168.7,3112.5,3156.9,926122
6:30:00 PM,12/5/2022,3125,3169,3125,3161.7,958365
6:30:00 PM,12/6/2022,3180,3234.7,3176.4,3226.5,1832282
6:30:00 PM,12/7/2022,3230,3240.9,3202.65,3221.45,851312
6:30:00 PM,12/8/2022,3235,3242.35,3206,3226.95,847879
6:30:00 PM,12/11/2022,3227,3230,3141.9,3166.35,1323816
6:30:00 PM,12/12/2022,3185,3185,3142.65,3178.5,886601
6:30:00 PM,12/13/2022,3179,3195,3125,3145.95,1103870
6:30:00 PM,12/14/2022,3142,3161.2,3116.7,3130.6,799124
6:30:00 PM,12/15/2022,3115,3117,3050.3,3055.9,1192821
6:30:00 PM,12/18/2022,3062,3088,3041,3080.95,655594
6:30:00 PM,12/19/2022,3075.05,3088.65,3018,3082.15,739257
6:30:00 PM,12/20/2022,3085,3112.45,3050.05,3069.65,616324
6:30:00 PM,12/21/2022,3074,3093.5,3038.05,3088.55,663202
6:30:00 PM,12/22/2022,3078.95,3086.85,3036,3057.9,1230858
6:30:00 PM,12/25/2022,3057.9,3071.9,3028.8,3056.05,536884
6:30:00 PM,12/26/2022,3060,3129,3056.3,3112.6,729041
6:30:00 PM,12/27/2022,3109.95,3143.8,3105,3123.7,972274
6:30:00 PM,12/28/2022,3101,3125,3092.55,3115.15,596265
6:30:00 PM,12/29/2022,3130.75,3130.75,3071.3,3087.9,836220
6:30:00 PM,1/1/2023,3087.9,3087.9,3021,3047.25,1015990
6:30:00 PM,1/2/2023,3047,3059.95,3025,3028.25,860367
6:30:00 PM,1/3/2023,3035,3050,3001.55,3016.85,836382
6:30:00 PM,1/4/2023,3039.55,3046.6,2995.4,3004.35,1113920
6:30:00 PM,1/5/2023,3010,3023.5,2952,2978.4,1045526
6:30:00 PM,1/8/2023,2993.3,3017.65,2951,2984.15,808263
6:30:00 PM,1/9/2023,2984.15,2985,2952.2,2960.35,864325
6:30:00 PM,1/10/2023,2974.9,2974.9,2935,2940.4,890426
6:30:00 PM,1/11/2023,2939,2939.85,2896,2915.95,1558620
6:30:00 PM,1/12/2023,2925,2925,2871.75,2909.15,1507864
6:30:00 PM,1/15/2023,2925,2929.6,2896,2916.05,644073
6:30:00 PM,1/23/2022,3268,3270,3135,3155.15,1575665
6:30:00 PM,1/24/2022,3100,3156.95,3010.75,3147.1,2699779
6:30:00 PM,1/26/2022,3140.1,3143,3071.25,3116.95,1834684
6:30:00 PM,1/27/2022,3130,3170,3103,3110.85,892060
6:30:00 PM,1/30/2022,3140,3193.45,3136.4,3152.25,944530
6:30:00 PM,1/31/2022,3194,3212.35,3141.6,3196.25,1008915
6:30:00 PM,2/1/2022,3204.8,3244.15,3192.15,3197.7,667265
6:30:00 PM,2/2/2022,3212.85,3241.6,3190.2,3203,899753
6:30:00 PM,2/3/2022,3188,3248.8,3176.05,3236.65,705765
6:30:00 PM,2/6/2022,3234,3251.2,3143.1,3174.7,860393
6:30:00 PM,2/7/2022,3179,3223.5,3166.2,3216.35,799206
6:30:00 PM,2/8/2022,3230,3259,3222.75,3228.35,472725
6:30:00 PM,2/9/2022,3220,3248,3176,3238.75,728666
6:30:00 PM,2/10/2022,3229.95,3229.95,3182.5,3216.3,587840
6:30:00 PM,2/13/2022,3140,3182.7,3120,3143.45,681236
6:30:00 PM,2/14/2022,3140,3270,3132.85,3264.6,676844
6:30:00 PM,2/15/2022,3280,3285.1,3223,3252.85,624320
6:30:00 PM,2/16/2022,3273,3294.95,3236.4,3265.85,636735
6:30:00 PM,2/17/2022,3236.15,3272,3230.05,3258.45,423801
6:30:00 PM,2/20/2022,3235,3278.45,3204.15,3251.65,547472
6:30:00 PM,2/21/2022,3120,3236.8,3120,3227.15,1147209
6:30:00 PM,2/22/2022,3236.9,3296.9,3230,3237.2,935896
6:30:00 PM,2/23/2022,3130,3197.8,3051.5,3069.05,1823450
6:30:00 PM,2/24/2022,3105,3141.45,3083.05,3119.2,1239456
6:30:00 PM,2/27/2022,3090,3190.5,3015,3174.65,1678348
6:30:00 PM,3/1/2022,3107,3111.2,2991.1,3028.95,3014206
6:30:00 PM,3/2/2022,3029,3051,2862,2871.9,4406840
6:30:00 PM,3/3/2022,2863.8,2863.8,2662.05,2738.15,6979253
6:30:00 PM,3/6/2022,2649.9,2727.95,2599.35,2708.45,3233760
6:30:00 PM,3/7/2022,2690,2736.95,2638,2723.4,2611102
6:30:00 PM,3/8/2022,2750,2890,2665.05,2874.95,4076068
6:30:00 PM,3/9/2022,3000,3040,2891.2,2912.8,3971987
6:30:00 PM,3/10/2022,2917,2939.95,2882.35,2932,1265493
6:30:00 PM,3/13/2022,2950,2972.35,2917.3,2962.8,1214217
6:30:00 PM,3/14/2022,2998,3032,2966,2987.15,1857685
6:30:00 PM,3/15/2022,3043,3050,3010.75,3042,1287234
6:30:00 PM,3/16/2022,3113.5,3163.3,3076.5,3136.6,2867519
6:30:00 PM,3/20/2022,3117.3,3117.3,3030.1,3045.75,1259015
6:30:00 PM,3/21/2022,3024,3062.7,2975,3051.15,1515772
6:30:00 PM,3/22/2022,3060,3079.9,3005,3016.8,948403
6:30:00 PM,3/23/2022,2969.5,3038.95,2950.55,3025.35,1243917
6:30:00 PM,3/24/2022,3025.35,3064.55,2991,3046.95,1083275
6:30:00 PM,3/27/2022,3046.95,3058.6,2995.65,3027.45,680332
6:30:00 PM,3/28/2022,3069,3087.7,3012.7,3042.6,1120936
6:30:00 PM,3/29/2022,3078,3094.35,3055.9,3081.55,849545
6:30:00 PM,3/30/2022,3115,3129.25,3066.1,3079.95,1464862
6:30:00 PM,3/31/2022,3110,3121,3087.65,3114.15,637392
6:30:00 PM,4/3/2022,3124.95,3143,3093.5,3118,873264
6:30:00 PM,4/4/2022,3110,3157,3080,3140.8,805874
6:30:00 PM,4/5/2022,3137,3165,3113,3154,736379
6:30:00 PM,4/6/2022,3154,3208.95,3145.5,3155,1025244
6:30:00 PM,4/7/2022,3168,3220,3151.2,3206.25,678898
6:30:00 PM,4/10/2022,3184,3222,3150,3157.45,672652
6:30:00 PM,4/11/2022,3154.7,3162.1,3114.15,3128.65,794265
6:30:00 PM,4/12/2022,3117.2,3121.9,3066.1,3080.65,1121350
6:30:00 PM,4/17/2022,3056,3058,3013,3021.55,1032504
6:30:00 PM,4/18/2022,3030,3059.2,2970,2991.2,749782
6:30:00 PM,4/19/2022,2991.3,3089.5,2980,3083,838182
6:30:00 PM,4/20/2022,3089.8,3174.4,3086.05,3158.25,1069035
6:30:00 PM,4/21/2022,3121.5,3173.3,3113.25,3164.4,681191
6:30:00 PM,4/24/2022,3134,3155.1,3095.1,3130.6,1096774
6:30:00 PM,4/25/2022,3130,3148.7,3105.8,3125.65,1703441
6:30:00 PM,4/26/2022,3096,3164,3085.95,3148.35,963536
6:30:00 PM,4/27/2022,3190,3268,3170,3247.7,2001838
6:30:00 PM,4/28/2022,3249,3278,3221.3,3237.2,1088970
6:30:00 PM,5/1/2022,3195,3211.5,3154.05,3200,595522
6:30:00 PM,5/3/2022,3178,3194.7,3081.45,3100.85,1120002
6:30:00 PM,5/4/2022,3104.75,3126.95,3070,3076.55,724601
6:30:00 PM,5/5/2022,3020,3052.4,3003.9,3016.25,923941
6:30:00 PM,5/8/2022,3000.85,3038.8,2975,3005.25,998324
6:30:00 PM,5/9/2022,3051,3138.75,3036,3086.35,2460016
6:30:00 PM,5/10/2022,3090.4,3109.55,2979,3053.65,1883969
6:30:00 PM,5/11/2022,3042,3078,2988,3039.95,1254245
6:30:00 PM,5/12/2022,3074.4,3116.25,3035.3,3064,1121729
6:30:00 PM,5/15/2022,3089.9,3089.9,2985.2,2999.9,733044
6:30:00 PM,5/16/2022,2998.9,3056.6,2951,3050,1179081
6:30:00 PM,5/17/2022,3030,3128.8,3026,3100.1,1379763
6:30:00 PM,5/18/2022,3000.5,3071.7,3000.45,3046.9,772390
6:30:00 PM,5/19/2022,3080,3125,3070,3109.95,778957
6:30:00 PM,5/22/2022,3143.95,3188,3130.05,3174.2,813294
6:30:00 PM,5/23/2022,3174.75,3183.65,3070,3086.85,691307
6:30:00 PM,5/24/2022,3039,3039,2826.3,2838.05,3381427
6:30:00 PM,5/25/2022,2850,2860,2718.55,2840.15,3212196
6:30:00 PM,5/26/2022,2868,2869,2781,2834.85,1879534
6:30:00 PM,5/29/2022,2880,2884,2817,2844,2525482
6:30:00 PM,5/30/2022,2844,2878,2811,2859.65,2408221
6:30:00 PM,5/31/2022,2859.65,2939.9,2832.05,2852.5,1770795
6:30:00 PM,6/1/2022,2870.2,2919,2848,2908.55,1164197
6:30:00 PM,6/2/2022,2905,2919.45,2856,2886.9,1228489
6:30:00 PM,6/5/2022,2871.1,2872,2807.7,2817.45,1193698
6:30:00 PM,6/6/2022,2800,2804,2731,2744.7,1403598
6:30:00 PM,6/7/2022,2771.9,2775,2700,2705.2,1743575
6:30:00 PM,6/8/2022,2680,2697.6,2633.75,2686.8,1857501
6:30:00 PM,6/9/2022,2665,2736,2652,2708.75,1592920
6:30:00 PM,6/12/2022,2669.95,2683,2642.5,2660.75,1674206
6:30:00 PM,6/13/2022,2617,2666.35,2585,2635.4,2296040
6:30:00 PM,6/14/2022,2650,2683.6,2627.1,2661.15,928842
6:30:00 PM,6/15/2022,2694.95,2725.45,2640,2657.45,1280628
6:30:00 PM,6/16/2022,2650.1,2657,2560,2580.2,2043251
6:30:00 PM,6/19/2022,2600,2673.35,2588.35,2660.7,1595360
6:30:00 PM,6/20/2022,2674.95,2710,2640,2678.35,1042074
6:30:00 PM,6/21/2022,2688,2707.95,2626.35,2666.35,1871760
6:30:00 PM,6/22/2022,2674.95,2767.95,2674.95,2758.2,1612872
6:30:00 PM,6/23/2022,2775,2784.8,2726,2760.9,2215583
6:30:00 PM,6/26/2022,2779.9,2827.65,2765,2820.95,1295734
6:30:00 PM,6/27/2022,2780,2784.8,2704.3,2726.5,1838358
6:30:00 PM,6/28/2022,2706.5,2719,2678,2697.8,1066354
6:30:00 PM,6/29/2022,2714.85,2726.95,2680,2695.2,1291447
6:30:00 PM,6/30/2022,2704.9,2780,2685,2773.15,1477191
6:30:00 PM,7/3/2022,2775.15,2798,2744.8,2790.3,653147
6:30:00 PM,7/4/2022,2785,2812.3,2760,2766.6,1073043
6:30:00 PM,7/5/2022,2830.55,2869,2805.15,2861.4,2085735
6:30:00 PM,7/6/2022,2901.4,2932,2876.8,2891.4,1469087
6:30:00 PM,7/7/2022,2880,2888,2840.5,2879.8,1274148
6:30:00 PM,7/10/2022,2874,2940.55,2851.35,2933.05,1081885
6:30:00 PM,7/11/2022,2920,2923.25,2885.4,2893.2,1115524
6:30:00 PM,7/12/2022,2949,2968.95,2926.05,2941.2,2153712
6:30:00 PM,7/13/2022,2952.1,2954.85,2912.4,2939.15,882479
6:30:00 PM,7/14/2022,2949.95,2985,2940.45,2978.15,1668006
6:30:00 PM,7/17/2022,2994.75,3025,2988.4,3017.85,823390
6:30:00 PM,7/18/2022,2983.45,3023,2978.15,3019.1,638171
6:30:00 PM,7/19/2022,3033,3044.7,3000,3006.45,867436
